Predicted Median Sale Price,Actual Median Sale Price
2172416.8,932500.0
796635.6,195000.0
1928398.0,403000.0
1469020.6,254000.0
674536.0,250000.0
1526411.0,252000.0
496139.5,215000.0
813054.44,71000.0
1907422.1,409000.0
1279195.1,305000.0
999442.5,122725.0
1659733.8,549950.0
842234.75,265000.0
1006602.06,475000.0
422565.28,111250.0
731112.9,449372.5
722407.4,300100.0
1016850.25,429000.0
477711.38,135200.0
580546.8,102500.0
1362926.4,751000.0
737534.9,195000.0
495217.84,215000.0
1526477.9,335000.0
1431633.0,557000.0
1006602.06,475000.0
923596.1,202450.0
298089.03,175000.0
1896379.4,525000.0
1359552.6,685000.0
2215852.0,1030000.0
1232356.0,585000.0
1034705.8,113500.0
659366.8,223750.0
1386460.4,219000.0
631986.6,152000.0
2037660.5,1165000.0
1960714.1,450000.0
2033092.4,530000.0
1278336.9,305000.0
1695004.2,257000.0
995436.5,299950.0
427611.16,203500.0
1261275.6,276000.0
1574600.2,241000.0
2241275.8,550000.0
2199666.0,510000.0
867900.8,464000.0
1308917.1,140000.0
739400.9,182500.0
657000.6,223750.0
1507732.4,290450.0
1782498.0,390000.0
2295254.0,547500.0
673663.25,132000.0
452009.7,314500.0
621401.2,138500.0
504383.0,229000.0
1329977.2,540000.0
1390040.4,470000.0
442274.25,299900.0
728320.56,325000.0
994000.75,332500.0
1364941.8,437500.0
1145124.5,276450.0
743110.94,290000.0
329182.3,159900.0
598761.2,353000.0
1419859.5,544900.0
1743873.0,390000.0
1920061.8,425000.0
1000386.5,290000.0
1018482.8,345000.0
1341535.1,495000.0
1793986.2,520000.0
596932.2,71000.0
638927.7,582500.0
1622910.2,599950.0
1424805.0,395000.0
875621.56,280000.0
2887635.2,800000.0
1237567.2,270000.0
1385530.5,525000.0
1395976.2,523000.0
620022.2,138900.0
639228.94,582500.0
622878.56,152000.0
874427.7,357000.0
1493257.2,473700.0
440011.44,169450.0
1543847.8,225000.0
2199469.5,510000.0
975015.7,106000.0
2817586.0,800000.0
677119.0,222000.0
772742.9,270000.0
1881936.2,584000.0
849126.5,325000.0
1275115.6,240000.0
1919027.2,634750.0
742194.44,100000.0
1635739.0,257500.0
1386460.4,219000.0
1018319.9,429000.0
598672.75,353000.0
434220.03,299950.0
1953470.6,680000.0
2008151.6,395500.0
800287.9,80000.0
1488478.9,289900.0
1365968.9,307500.0
1604021.8,617450.0
1121511.8,414750.0
1326626.6,387500.0
1081379.0,430000.0
2365962.8,908000.0
950603.44,290000.0
646229.06,217000.0
1109078.2,124500.0
643268.0,161250.0
1268429.5,294200.0
788445.56,140000.0
748098.0,458745.0
1123265.5,355000.0
1844271.4,520000.0
2013799.0,595000.0
633711.6,218500.0
1017412.56,125000.0
1080111.0,440000.0
493565.0,276737.5
613654.44,85000.0
201053.28,165000.0
1536300.4,409995.0
1348291.9,310000.0
1116313.1,299900.0
495233.9,276737.5
1378816.1,350000.0
820954.3,140000.0
1342191.9,310000.0
1955844.5,595000.0
881599.56,560000.0
957911.6,120000.0
1535511.9,404578.5
1111398.5,290000.0
1106620.2,407750.0
1226071.9,305000.0
1156162.4,344085.0
1477733.9,215000.0
627220.7,244888.0
1755666.9,476250.0
1415526.4,415000.0
1288535.0,747250.0
2245903.8,1040000.0
1128011.1,464500.0
726924.7,88000.0
1094888.9,185000.0
299594.38,146750.0
631249.25,173000.0
1235562.8,794750.0
878223.6,525000.0
1078262.5,932145.0
984897.94,125000.0
1519299.1,487500.0
362812.56,340000.0
497358.94,254500.0
528063.0,137000.0
1224204.6,613500.0
649879.1,169000.0
2101373.0,1131500.0
1806743.1,476000.0
647227.7,223450.0
1229339.1,575000.0
2097422.2,612500.0
608848.3,129500.0
525128.5,115800.0
778783.56,168450.0
1510723.1,425392.5
1039112.44,109000.0
966195.4,390000.0
688047.0,236500.0
680789.56,255048.5
922957.6,634000.0
1071958.8,467000.0
1156151.1,344085.0
443331.38,86500.0
1376549.0,249750.0
1480800.2,727500.0
1889121.2,415000.0
706526.56,235000.0
1999040.4,642000.0
1187807.9,399900.0
883083.44,327450.0
1236264.1,768000.0
1961165.8,552500.0
1346250.9,235000.0
668082.25,122750.0
2033687.1,597500.0
2170597.2,642500.0
878221.56,525000.0
704473.3,420000.0
1060363.1,100950.0
476219.34,335000.0
609334.1,167500.0
1506232.0,430790.0
1365678.5,185000.0
1227620.0,165000.0
625758.8,244888.0
1495928.5,246000.0
1292557.6,321000.0
607847.75,594950.0
464862.94,350950.0
1137560.1,285000.0
1208745.8,487500.0
1482807.8,246000.0
685328.75,121650.0
1218835.0,297500.0
1480800.2,727500.0
635421.4,284000.0
1805429.5,437450.0
609570.8,593000.0
1272857.9,327000.0
1227359.0,165000.0
513368.06,152000.0
1349684.9,262500.0
2049847.9,410000.0
621351.06,410000.0
1074246.1,410000.0
1191772.6,703337.0
1050055.0,123500.0
638233.75,265000.0
613801.4,172000.0
612845.25,122750.0
830951.06,238000.0
1169596.9,423000.0
1279876.1,1200000.0
578593.9,365000.0
412080.6,324000.0
1235957.9,247250.0
1198931.2,314000.0
2044334.1,535000.0
1402278.2,329000.0
426795.62,325000.0
1732296.2,457450.0
1934978.5,499950.0
1694908.2,612112.5
1196095.9,800000.0
482145.1,254500.0
1072685.2,410000.0
771102.06,105000.0
671177.9,155000.0
568870.5,115000.0
552055.25,159388.5
519673.56,340000.0
1862016.9,623750.0
1529093.5,677450.0
798519.44,132000.0
1210910.1,299900.0
576997.25,347000.0
1415354.8,329000.0
835436.25,305000.0
687705.6,236500.0
991326.5,290000.0
837536.06,94100.0
1567078.0,321000.0
1169596.9,423000.0
2044334.0,535000.0
2142280.0,642500.0
964878.2,428500.0
1529093.5,677450.0
1429506.9,290000.0
1097345.8,300000.0
366771.03,194950.0
636707.2,355000.0
1911765.6,400000.0
823870.7,60000.0
2010314.0,605000.0
640877.75,120000.0
1911681.0,474900.0
427034.06,325000.0
443662.06,162000.0
1644215.0,225000.0
1140313.0,1610000.0
1472890.8,1621000.0
1433266.8,577321.5
1074505.1,372500.0
503937.62,124500.0
733835.9,140000.0
1519366.4,320000.0
760666.1,375000.0
1013252.94,401990.0
2026977.8,399000.0
1935222.8,397500.0
1775243.0,435000.0
1322788.5,315000.0
1998424.9,650000.0
436159.88,364950.0
1350742.6,254950.0
969424.75,169900.0
1536873.1,425000.0
897264.0,359887.0
715217.75,475000.0
1271106.8,802500.0
777195.7,249950.0
2993412.2,770000.0
1074505.1,372500.0
1034488.94,440000.0
1753563.2,590000.0
530580.3,370000.0
536117.75,334500.0
705206.8,227500.0
2315056.2,1099000.0
1509333.5,860000.0
1089187.8,115000.0
1289550.1,315000.0
1311010.2,575000.0
1175029.1,830000.0
686461.4,249000.0
1336095.1,409900.0
1760213.4,536000.0
1011623.5,122000.0
757387.8,292000.0
600015.8,591400.0
904550.9,307250.0
980119.44,159900.0
2018679.8,1262500.0
1742169.2,550000.0
1785099.6,229000.0
1540108.6,425000.0
965562.7,499950.0
1150893.0,396307.5
1168949.6,279500.0
1171138.5,830000.0
1325460.9,910000.0
926773.9,349990.0
433962.0,162000.0
521864.25,111000.0
1016640.75,125000.0
1514123.9,243000.0
1168949.6,279500.0
670926.94,155000.0
360725.34,328500.0
1435964.5,437000.0
2033494.0,475000.0
666341.94,250000.0
997799.2,470000.0
1425272.2,617500.0
1182693.2,360000.0
1008491.5,360000.0
1313915.1,615000.0
1864950.4,407500.0
949542.25,125000.0
846178.6,292000.0
1404639.6,230000.0
562410.8,215000.0
1632181.8,310000.0
832667.56,106500.0
846089.06,292000.0
2065269.0,624250.0
660807.2,249500.0
1452590.4,260000.0
729516.4,214250.0
833891.25,106500.0
1111347.2,401500.0
857043.8,147000.0
2266274.0,650000.0
1546509.4,308750.0
1065113.4,439500.0
920462.25,285000.0
1175213.6,390870.0
1592213.4,321900.0
986772.56,115000.0
557534.5,171450.0
1099150.1,401990.0
1909675.5,401500.0
227799.39,143000.0
863888.06,123900.0
2295822.2,645000.0
1463725.1,249000.0
2110165.2,540000.0
198083.98,111250.0
364220.38,304000.0
781145.1,170000.0
491924.6,272500.0
284279.9,189900.0
2114121.8,480000.0
1682087.1,493500.0
1069278.0,271600.0
784039.56,80000.0
1173572.5,364000.0
1440796.9,592450.0
1063730.9,500000.0
1432641.6,570500.0
566205.8,104000.0
1379332.9,460000.0
605853.75,590850.0
729209.8,85000.0
524825.5,260000.0
627148.9,363000.0
896848.06,172500.0
863437.94,123900.0
1270604.9,802500.0
346363.03,199395.0
1386075.9,545000.0
641350.25,192500.0
715744.1,475000.0
803283.8,279900.0
1339676.1,555000.0
453168.84,165000.0
540484.7,217500.0
436282.8,70000.0
1018485.3,294750.0
965562.7,499950.0
1146199.8,1730000.0
1191795.8,256400.0
2973899.5,755000.0
559219.6,215000.0
567058.7,102000.0
646881.7,161500.0
896564.75,172500.0
2155132.2,599500.0
1059380.0,282000.0
1194473.4,298000.0
2271251.0,625000.0
794996.1,330000.0
604253.6,368950.0
1274243.8,329250.0
1720705.5,514900.0
1006022.56,464950.0
2056009.8,626000.0
1328386.4,315000.0
818735.1,247000.0
1388745.9,1156018.0
801942.56,269500.0
614412.7,622495.0
1296293.1,728500.0
603145.5,399500.0
1328203.4,369950.0
867352.1,53950.0
1776616.6,485000.0
1052235.6,409116.0
1766493.2,580000.0
1383366.0,410000.0
1384803.2,549950.0
1798372.6,565000.0
703137.8,154500.0
1537803.8,593750.0
1074278.5,450000.0
1573870.9,417500.0
720131.9,327000.0
2934609.8,822000.0
585422.2,278000.0
673493.6,241000.0
482321.22,169900.0
1423164.0,250000.0
609876.75,228000.0
854906.06,263000.0
390638.16,115250.0
1678162.2,558750.0
2136479.5,1300000.0
1396416.9,374500.0
866182.56,315000.0
789751.94,220000.0
1052094.5,162137.0
885462.4,116500.0
1502602.8,350583.0
2229306.2,660000.0
2173477.8,561250.0
1572016.4,250000.0
1002755.9,415000.0
1274867.0,365000.0
1735560.6,345000.0
1782155.0,830000.0
1245864.4,305000.0
1322648.8,320000.0
750769.06,177500.0
1127535.2,457000.0
663300.0,95000.0
623861.56,296500.0
801992.3,195874.0
1324002.4,310000.0
601494.44,254000.0
1191324.1,339000.0
1434804.4,362450.0
863772.4,287500.0
513648.06,145750.0
198293.27,112500.0
895291.0,136000.0
940516.8,152000.0
1057093.5,737000.0
1117864.8,380000.0
2068794.8,449950.0
553274.56,258000.0
1986698.1,500000.0
1300260.6,412000.0
765728.75,213227.5
1205557.8,1655000.0
1492024.6,263700.0
997638.06,295000.0
1188116.1,339000.0
1895533.1,415000.0
1487842.4,390000.0
2302330.0,750000.0
1540132.2,496750.0
789527.8,178550.0
1277795.9,285000.0
2019531.1,531000.0
1353077.2,250000.0
1002755.9,415000.0
646851.44,300000.0
234538.55,141500.0
538884.4,251200.0
1057131.0,737000.0
1298417.5,328500.0
1511891.0,557500.0
710324.9,324000.0
698947.2,152250.0
1762597.6,425000.0
1034853.5,108250.0
462614.97,305000.0
1776616.6,485000.0
1260251.5,315000.0
901149.8,145000.0
491705.72,147749.5
803587.3,130000.0
1271728.5,282500.0
1583073.9,354500.0
1268761.6,368000.0
789992.1,605000.0
699138.3,270000.0
899008.25,298000.0
2158001.0,621000.0
281293.1,185000.0
797697.94,200000.0
1355942.6,670250.0
1233444.4,240000.0
480149.66,152000.0
1882191.2,415000.0
1387837.4,1156018.0
615786.9,620000.0
2532884.0,1003000.0
1083084.0,236500.0
661725.06,243400.0
598647.3,399500.0
1874714.4,559950.0
489543.94,154875.0
1775230.1,407000.0
1259698.6,747500.0
1275058.8,281500.0
2212826.0,627500.0
1576751.2,417500.0
693458.75,267500.0
491705.72,147749.5
702758.3,254000.0
2895131.8,821000.0
1932861.8,1225000.0
1332996.0,320000.0
410917.47,200000.0
1996949.6,680000.0
593599.94,246000.0
1087940.4,232750.0
938194.56,149500.0
685891.1,237000.0
1521147.5,333500.0
1403961.5,637500.0
2052527.5,500000.0
595462.06,256000.0
2271244.5,680000.0
789515.1,178550.0
673020.7,270000.0
801992.3,195874.0
1075027.0,450000.0
754865.8,279000.0
1268250.8,1207509.0
1023796.75,406000.0
1367911.1,530500.0
1061529.0,152050.0
2000302.4,710000.0
919030.2,116500.0
597079.3,278000.0
1486173.9,290000.0
1204890.5,358750.0
662128.6,245000.0
1040746.5,274350.0
1224708.8,260000.0
538884.4,251200.0
1906958.1,575000.0
814150.25,517500.0
1236088.8,520000.0
451071.72,272950.0
659575.0,145000.0
721799.1,140000.0
1204890.5,358750.0
1033305.2,115000.0
1469421.6,272500.0
625829.06,389000.0
1122536.1,410000.0
1575730.2,415000.0
333337.28,186950.0
1241610.5,1600000.0
842138.3,337500.0
1270381.6,355000.0
538810.3,332500.0
459759.72,360000.0
633110.94,355000.0
1678709.0,505000.0
365889.84,244860.0
950028.6,2300000.0
1353911.2,288000.0
778608.94,269000.0
1423733.6,660000.0
1311459.6,741995.0
1120700.5,470000.0
653126.8,256000.0
1804479.2,445000.0
1232110.6,1740000.0
932671.7,130000.0
572511.5,847500.0
1712764.2,441500.0
829966.7,225000.0
798137.9,180750.0
871291.4,115500.0
1224331.2,691995.0
870330.4,115500.0
1299234.6,550000.0
667285.06,149900.0
450190.47,172500.0
1306569.5,860500.0
1131383.0,155000.0
1145635.1,127500.0
1998417.5,409113.0
602670.4,271000.0
492914.16,162900.0
1086108.2,412500.0
747693.06,150000.0
624610.7,600884.0
1996590.0,420000.0
579195.4,149000.0
705719.06,270000.0
554548.5,270000.0
1686630.9,487000.0
944526.0,342267.5
1062062.9,285000.0
1290048.2,600000.0
2435538.5,675000.0
900973.8,172500.0
1183880.8,1936075.0
1362279.5,340000.0
1877215.2,599950.0
1579514.1,360000.0
1058475.0,329900.0
1058797.4,950000.0
747633.9,1093500.0
3077325.8,795000.0
680370.7,193500.0
233190.19,135660.0
2431624.2,619000.0
2115228.0,675000.0
1543553.9,540000.0
1111045.5,165000.0
782371.25,248000.0
666957.1,143750.0
1362279.5,340000.0
1881141.5,575000.0
578788.2,341000.0
1106897.8,415500.0
1687962.5,350000.0
742291.1,379500.0
963547.0,1762500.0
492914.16,162900.0
2343179.8,1190000.0
1267474.0,773500.0
1824652.2,615000.0
867790.8,172500.0
677417.75,190000.0
661632.2,205000.0
793792.75,163500.0
1300249.1,395000.0
1165432.4,137000.0
2376791.2,605000.0
1232110.6,1740000.0
1672186.4,550000.0
1337843.9,306100.0
1911547.9,763000.0
1781548.0,657475.0
2645421.5,1011000.0
1600471.0,1260500.0
465207.25,338000.0
841110.06,420000.0
1316181.2,450000.0
1266713.8,710000.0
668692.7,252000.0
2524452.8,958000.0
1262236.0,345950.0
1999947.8,502500.0
1576476.0,419497.5
625516.4,603256.5
1048818.9,130000.0
606425.5,205000.0
929435.8,274000.0
1301884.2,310000.0
505124.62,147000.0
260712.5,146000.0
810064.75,272000.0
2129489.8,547500.0
1152199.4,460000.0
633459.94,355000.0
704485.1,275000.0
834443.2,180750.0
2066319.8,675000.0
1329407.6,340000.0
1111045.5,165000.0
2097316.0,537000.0
1204513.9,143000.0
1529933.2,561000.0
1076255.1,285500.0
1514379.0,295000.0
1126991.1,1555000.0
1933254.2,550000.0
724975.25,385000.0
1014349.06,514950.0
906570.2,322000.0
487720.8,126500.0
868313.2,172500.0
1316658.1,248000.0
1351910.6,288000.0
849384.2,295000.0
455709.22,197500.0
1376316.6,245000.0
1300779.2,600000.0
2070227.9,682500.0
1016491.44,535000.0
1260292.6,372695.0
1345223.0,620000.0
1568163.4,356250.0
1022500.44,499950.0
1307947.2,345000.0
1121288.5,460662.5
482924.8,325000.0
652383.4,60000.0
2011047.0,725000.0
790650.94,270000.0
659058.2,207000.0
2227157.5,640000.0
1846807.2,570000.0
1205042.2,235000.0
606400.7,321245.0
1235559.8,380000.0
650701.56,255500.0
1271595.9,677500.0
2184712.5,560000.0
1130423.6,435995.0
1097211.9,333250.0
1630347.6,310000.0
782425.1,85835.0
565111.56,149900.0
2143233.2,445000.0
1728931.0,545000.0
2011047.0,725000.0
1075394.9,371000.0
752938.2,365750.0
1187012.4,110000.0
1610961.9,683600.0
642089.3,390500.0
1140853.6,322500.0
811075.5,270000.0
1114488.2,465000.0
3073160.2,797500.0
957103.44,141000.0
1176214.6,1936075.0
565111.56,149900.0
1209596.0,320000.0
928118.4,541500.0
1461212.9,400000.0
1390222.8,1645000.0
1463523.9,675000.0
1604781.0,680000.0
618922.6,635000.0
617378.1,170000.0
1373597.1,270000.0
3007215.2,834500.0
839293.44,131000.0
1305689.1,2150000.0
1447851.0,580000.0
392984.62,245000.0
2259116.0,742500.0
1455205.6,575000.0
1400586.0,775000.0
795474.0,260000.0
1166581.2,100130.0
1373758.9,270000.0
2543954.2,1152000.0
2468466.8,1030000.0
1216643.2,325000.0
1862048.5,589500.0
1194660.6,440000.0
1176546.6,279500.0
587976.44,300000.0
1420662.4,375000.0
771852.0,193500.0
839293.44,131000.0
1328110.1,315000.0
1370200.0,750000.0
1239527.4,275000.0
1449603.8,615000.0
1327662.6,301500.0
1147621.2,288600.0
649254.9,205000.0
805487.2,332500.0
722958.56,265000.0
1166581.2,100130.0
2025768.1,415000.0
2160857.2,500000.0
665585.56,265000.0
1318405.5,490000.0
1043093.2,180000.0
1904182.1,485000.0
1647135.2,612000.0
480465.3,161500.0
1050222.0,252750.0
671428.56,87900.0
2164605.2,577497.5
616262.94,635000.0
996372.4,210000.0
971791.7,390000.0
1399026.4,305000.0
1092015.0,175500.0
881209.8,264900.0
955786.7,136000.0
1590729.8,395000.0
463183.5,277500.0
1364839.6,340000.0
1158588.8,159500.0
2084428.8,712000.0
1250547.9,385000.0
1158588.8,159500.0
1777357.6,397500.0
699104.25,135000.0
2226319.2,613000.0
776298.44,120000.0
1215535.9,448490.0
2142697.0,670000.0
1494070.1,380000.0
2224493.0,285000.0
1519880.6,1203000.0
1181174.9,475000.0
966970.7,329000.0
1844846.0,552500.0
1667676.6,216000.0
1378524.0,340000.0
1667228.6,615000.0
994084.56,1063000.0
565111.8,580000.0
417913.6,53300.0
2083492.0,645000.0
560293.25,580000.0
1519658.8,1622500.0
728770.56,275000.0
1324495.9,345000.0
728754.2,267500.0
959651.7,275000.0
2077889.2,647500.0
1261986.0,257500.0
1633070.0,889900.0
1100818.9,1300000.0
517646.62,160500.0
1213755.6,409500.0
1554490.5,440000.0
689532.94,300000.0
1100017.4,165000.0
1878362.1,453000.0
960475.0,332944.0
996156.8,549950.0
599557.25,207000.0
895951.56,333950.0
853774.5,170000.0
1302750.9,345000.0
684397.4,135000.0
1733969.8,745000.0
2226319.2,613000.0
1269694.2,2150000.0
2224493.0,285000.0
906374.7,274000.0
1486002.9,527000.0
1246735.5,810000.0
1388720.4,503500.0
1537795.1,284900.0
2240472.2,620000.0
1229321.0,414000.0
1519131.4,233000.0
2119439.8,1240000.0
219559.9,147000.0
559543.06,310000.0
640241.6,300000.0
248581.28,153000.0
549649.3,355000.0
1516864.2,553000.0
967376.75,374490.0
649306.3,385000.0
1155119.4,305000.0
774169.06,312450.0
1243895.6,282450.0
598840.8,227500.0
1136900.2,480000.0
789981.7,265500.0
867100.44,230000.0
1633070.0,889900.0
2136816.8,522500.0
2102640.5,738750.0
793024.75,300000.0
1158111.8,426250.0
1064636.0,380500.0
603023.2,137500.0
1276357.6,417500.0
1241239.1,295000.0
499865.9,283000.0
1569515.8,405000.0
1366749.5,389500.0
1566184.1,720000.0
1174038.5,477500.0
1454468.9,225400.0
517998.66,160500.0
917031.5,130000.0
439711.1,139900.0
1715042.5,333500.0
571914.7,161050.0
1692591.2,310000.0
2073577.5,475500.0
1337541.9,1310000.0
1175509.6,1542500.0
1051482.4,164000.0
715317.2,160000.0
1188559.0,300000.0
911786.0,115700.0
1167193.4,550000.0
665796.56,265865.0
1948659.5,720000.0
1442068.0,450000.0
2256764.2,707500.0
1169264.4,1063000.0
1792033.0,550000.0
1628787.2,770000.0
1399026.4,305000.0
1594178.9,280000.0
1211006.8,835000.0
977431.2,120000.0
780918.25,344950.0
1546969.9,437000.0
417913.6,53300.0
1012884.06,138000.0
3007229.5,840000.0
276310.72,186000.0
612435.9,260000.0
1299275.6,625000.0
642227.4,175000.0
988906.56,549950.0
1133304.9,137000.0
778690.2,344925.0
827358.1,700000.0
853636.6,233000.0
891932.06,323500.0
1130497.2,446990.0
786192.1,290000.0
878693.9,264900.0
1920003.1,485000.0
1417595.9,1319500.0
459120.9,372500.0
650624.9,492500.0
727104.3,168500.0
1693371.1,815000.0
1519710.1,692500.0
1519977.9,291000.0
2000206.4,410000.0
1194199.6,1457500.0
1108419.9,440000.0
1454468.9,225400.0
1357142.0,345000.0
2441306.2,665000.0
920037.9,320950.0
782530.1,370000.0
652800.8,229000.0
1280109.4,320000.0
890241.7,247500.0
1369780.6,390000.0
335378.78,205000.0
2155455.2,588725.0
1268031.1,899000.0
1460232.8,905000.0
1759100.1,475000.0
1263771.8,305000.0
507905.03,191450.0
2029666.4,397500.0
1633968.4,382000.0
1828054.1,1225000.0
1266261.5,221500.0
1669063.1,375000.0
946193.7,376220.0
320491.6,154500.0
855396.75,80000.0
903185.44,90000.0
904890.06,176500.0
1226261.6,420000.0
1226833.9,161501.0
1071238.2,400500.0
1433042.4,595000.0
1247453.4,324000.0
739649.1,215000.0
886343.56,133500.0
2163691.0,419500.0
1080906.9,497500.0
1390118.9,697850.0
3147761.0,814500.0
863337.94,143500.0
1220402.5,172500.0
451552.0,306400.0
1126400.9,330000.0
1120508.5,125000.0
1290905.2,213800.0
1101168.9,421000.0
1279093.5,1250000.0
1956158.2,727500.0
2200989.5,1348000.0
1939867.0,739900.0
290265.47,151250.0
820142.25,477500.0
968040.9,385000.0
1750308.0,271000.0
702557.5,607500.0
1291912.8,249500.0
1602008.0,339500.0
1765169.9,385000.0
1087691.0,445000.0
1009349.4,219000.0
2027149.1,2400500.0
393362.62,515000.0
2105538.8,667500.0
914643.44,248000.0
966510.44,205675.0
2138741.0,577850.0
1826335.9,625000.0
1042909.9,903500.0
714648.6,240000.0
1570038.2,472500.0
2430186.8,1305000.0
726732.56,125000.0
1358036.2,620000.0
1953186.8,727500.0
1015936.7,337500.0
1465547.0,743450.0
637343.9,229500.0
1355718.1,650000.0
663273.7,625380.0
585342.25,156700.0
667170.44,235000.0
851499.75,326000.0
970854.6,770000.0
673107.75,370000.0
1616920.2,280000.0
705261.4,310000.0
2096537.0,1253500.0
1925741.4,510000.0
1302014.4,186250.0
2127270.5,690000.0
1857793.4,510000.0
1593540.5,447147.5
457276.88,211000.0
815329.5,265000.0
1009748.3,219000.0
719945.1,270000.0
1313545.5,820000.0
1133104.2,125000.0
1844155.4,465000.0
2038954.8,397500.0
1474805.1,567495.0
633103.94,395000.0
1317084.1,259500.0
748017.75,349000.0
1448171.0,395000.0
1279026.4,213800.0
620809.0,235000.0
970514.3,770000.0
1477889.8,307800.0
2377633.5,270000.0
512924.94,351140.0
2451889.8,632500.0
1371117.1,360000.0
2015301.5,722500.0
1546440.4,2022000.0
1218765.4,165000.0
838595.9,121000.0
1847929.1,510000.0
2271431.8,657500.0
1359220.2,315000.0
850776.9,326000.0
734075.6,170500.0
516655.12,157500.0
705261.4,310000.0
593555.4,205000.0
1064599.9,332500.0
1037525.8,470700.0
720252.5,170500.0
679774.9,450000.0
484672.9,325000.0
381251.88,515000.0
1173046.8,1387500.0
909766.4,281566.0
1440935.0,775000.0
1261474.9,160000.0
662946.0,625380.0
904890.06,176500.0
1126400.9,330000.0
1101408.2,421000.0
966510.44,205675.0
1581224.9,290000.0
774924.5,527450.0
1320489.6,285000.0
2117783.0,547000.0
1510946.5,682500.0
1117457.8,93000.0
1889850.5,800000.0
669847.06,241500.0
2284683.2,667500.0
1356781.0,336750.0
1564933.5,626250.0
1460232.8,905000.0
1162162.1,415000.0
1537371.6,450000.0
2497944.8,451000.0
1369780.6,390000.0
1426166.6,400000.0
1779392.0,555900.0
1595920.4,447147.5
646498.44,245000.0
1400248.6,300000.0
1203241.9,475000.0
1224763.5,415000.0
1324066.9,285000.0
1087691.0,445000.0
495570.06,300000.0
3129983.8,810000.0
491065.72,315000.0
2432465.2,1062500.0
951984.44,317150.0
1613175.8,395000.0
749942.8,125000.0
2497944.8,451000.0
682450.6,450000.0
1646085.2,383000.0
960612.5,412990.0
1076620.6,465000.0
2044179.8,530000.0
1699711.9,552500.0
1844155.4,465000.0
1235944.9,441250.0
1335581.8,1302500.0
1720636.5,560000.0
1331565.2,356000.0
815945.25,265000.0
861175.44,170000.0
785771.6,220000.0
694972.0,230000.0
716412.75,282500.0
1253694.8,395000.0
658451.94,277500.0
1068678.4,320000.0
1275912.4,452000.0
1571411.6,562450.0
922856.7,370140.0
1457681.4,367750.0
957692.2,90000.0
675226.06,315000.0
665622.75,376500.0
1603851.9,625000.0
830611.0,143500.0
819881.3,143500.0
1377615.1,342250.0
1254221.4,399650.0
1881192.2,455000.0
1171819.0,1588000.0
1096023.8,489500.0
1389115.4,327000.0
799196.75,62999.5
757589.9,145000.0
644591.9,171000.0
735319.6,195000.0
1591472.8,650000.0
1149488.6,1076000.0
1199039.5,1250000.0
663261.2,246000.0
2157536.0,629000.0
447964.7,165000.0
1106248.6,536000.0
600632.06,142000.0
1484034.5,272500.0
1559840.0,290159.5
1766409.2,721000.0
852340.1,409950.0
1839081.0,547500.0
1838561.0,745500.0
2183223.8,560000.0
1149362.1,415000.0
699514.44,297450.0
450020.28,149900.0
2245674.2,640000.0
1360323.6,599950.0
513035.4,120000.0
1321988.9,270000.0
1120685.1,469750.0
583344.44,137800.0
1187578.8,162000.0
1155977.4,415000.0
635026.75,298500.0
543538.44,200000.0
939730.9,378365.0
1643356.6,1600000.0
761422.7,315000.0
2022111.4,460000.0
1050427.0,536000.0
642661.5,226000.0
1020725.6,458500.0
2069363.9,430000.0
646148.25,148500.0
460839.22,315000.0
2120118.8,635000.0
1926527.5,525500.0
1038800.6,872500.0
865033.1,195000.0
1477585.6,349200.0
1242157.9,157000.0
844897.6,246000.0
1119148.0,870000.0
1094190.2,134500.0
2022394.0,613150.0
851933.9,430140.0
1755308.8,587500.0
664448.06,212500.0
1327268.1,596250.0
1027567.25,245500.0
787830.5,120450.0
623988.06,642907.5
887958.94,255000.0
1721596.2,487000.0
1405605.1,633950.0
1837212.9,542475.0
643392.75,171000.0
1241712.4,360000.0
1628482.1,361000.0
1027783.56,245500.0
698224.0,477500.0
1202316.2,380000.0
1282191.0,208000.0
1212489.1,1030000.0
1024069.25,870000.0
1076070.4,446250.0
639952.2,246000.0
1270796.1,380000.0
1321988.9,270000.0
1574554.6,441692.5
786868.9,123000.0
1130422.1,367000.0
1397360.2,600000.0
1837782.4,452000.0
1278222.4,506350.0
1373149.8,330000.0
1721596.2,487000.0
1340135.6,774000.0
1416342.6,1600000.0
581243.56,164500.0
667325.56,495000.0
1264903.5,400000.0
843460.56,427500.0
228668.75,119900.0
897153.5,167250.0
785864.9,525000.0
812587.4,149900.0
1178402.6,260500.0
1482740.4,272500.0
1236418.9,380000.0
2150141.8,1200000.0
3016021.8,850000.0
1019617.1,458500.0
780597.75,525000.0
1129632.5,285000.0
1076107.1,624600.0
2221528.0,485000.0
1407067.0,220000.0
1617837.5,288650.0
2134040.2,242500.0
1199902.6,470000.0
1103298.9,133500.0
796868.1,325000.0
1404867.8,350000.0
1942792.9,587000.0
2069363.9,430000.0
680003.25,220000.0
707697.3,262500.0
1110139.9,285000.0
529886.25,335750.0
1663230.1,355000.0
1843055.8,447847.5
2484637.2,1275000.0
1176173.9,155000.0
1591472.8,650000.0
1670296.5,532500.0
685309.3,304995.0
1443841.0,208000.0
915226.44,565000.0
735437.5,195000.0
2098999.8,685000.0
2212746.2,465000.0
939378.7,360000.0
649692.1,247500.0
1446321.4,437500.0
1354899.5,730000.0
798334.9,271500.0
642624.9,247500.0
240544.14,131000.0
712720.1,265000.0
1109990.1,280000.0
1838561.0,745500.0
1461078.2,440500.0
1307312.5,585000.0
1236917.2,470000.0
1432236.1,700000.0
1511141.8,366000.0
2178629.8,732500.0
483348.34,146350.0
623989.44,642907.5
1295255.2,773500.0
1384044.0,645000.0
851668.2,414900.0
600017.25,180500.0
259465.25,143500.0
1336822.4,274000.0
688837.94,359900.0
2355102.2,705000.0
2031740.1,445000.0
1244642.1,288500.0
1194730.6,350000.0
2505676.8,976000.0
1038564.2,872500.0
2134651.8,250000.0
470030.3,314000.0
854230.5,213000.0
2053871.0,790000.0
1220553.4,413700.0
1217018.9,382500.0
651865.25,350000.0
1570269.4,300000.0
1076483.4,624600.0
917881.25,337500.0
1365760.5,298000.0
759209.3,365000.0
2302102.2,700000.0
661957.94,350000.0
956105.9,565000.0
955469.6,325000.0
517345.9,390000.0
1076049.1,446250.0
768645.5,266500.0
1371959.5,587450.0
888836.06,365000.0
1251193.0,1146000.0
1352061.8,309750.0
603859.1,255000.0
2997848.5,845000.0
1570685.8,447995.0
1299584.5,325000.0
761575.75,174950.0
470218.84,365000.0
763599.56,177500.0
2036395.1,365000.0
875122.4,225000.0
916831.1,122000.0
1211562.1,375000.0
1473671.8,657000.0
1428047.0,530000.0
875122.4,225000.0
1429464.0,752500.0
1184571.5,150000.0
1403490.1,580000.0
937661.3,383490.0
1677745.1,330000.0
1248476.8,360000.0
1526063.6,301000.0
1227456.0,396250.0
476516.16,359950.0
292864.84,155000.0
1217540.8,480000.0
1549592.9,758500.0
1546031.5,547500.0
445298.44,375000.0
763501.44,254000.0
2521720.0,636500.0
1253234.1,505555.0
960873.4,388440.0
969880.94,370000.0
614883.1,250000.0
1498191.8,645000.0
1488910.6,187050.0
1239540.1,1335000.0
485313.38,339000.0
1282538.8,487500.0
1871778.0,573000.0
2240138.5,397500.0
707726.7,116388.5
650626.4,267750.0
563428.9,207000.0
1127375.9,172000.0
1167351.6,152000.0
1735867.1,440000.0
1735867.1,440000.0
1053555.8,442950.0
3019063.0,805000.0
2027663.8,445000.0
1799941.1,535000.0
1182215.8,1292500.0
739171.8,78025.0
2032713.5,690000.0
1147977.2,480000.0
294328.88,151000.0
1534204.1,549900.0
1456189.8,293000.0
755068.75,257500.0
2475447.0,450000.0
1481300.6,618500.0
1892590.6,320000.0
1134657.1,250000.0
878299.5,316995.0
861196.9,540000.0
1220286.9,124750.0
1093695.2,172000.0
918588.0,391440.0
1192056.6,128000.0
1982368.9,535000.0
1266593.5,589500.0
284824.0,142500.0
1008885.25,495000.0
895427.9,195000.0
1541937.9,439995.0
1250779.4,456000.0
892557.8,325000.0
1624336.5,897750.0
482917.66,347445.0
1185147.6,492000.0
1026046.6,494000.0
1510135.2,387500.0
1657966.2,255500.0
1361406.6,427750.0
757634.5,330000.0
734293.3,251000.0
517707.4,226500.0
892557.8,325000.0
877859.7,395000.0
1281403.2,1433750.0
1126054.1,425000.0
1162916.4,387000.0
665071.2,627500.0
1215087.8,525000.0
1705688.0,1407500.0
1339916.2,290000.0
1766103.6,505000.0
699044.3,245000.0
1799686.2,475000.0
657604.6,396878.0
1346053.2,550000.0
1107874.1,720000.0
1987153.0,570000.0
1781424.8,280000.0
1414461.5,344950.0
971707.1,250000.0
1282510.5,469250.0
3023587.0,805000.0
1279990.4,250750.0
874152.4,112700.0
1289134.6,310000.0
1107540.6,720000.0
742514.5,78025.0
823411.06,357500.0
2197445.0,1100000.0
1290302.6,425000.0
642500.1,290000.0
1729629.1,630000.0
1196233.0,364500.0
2164136.8,682500.0
1355006.1,625000.0
906737.44,399900.0
1522998.4,455000.0
1479191.2,327500.0
1350820.5,335000.0
1023685.2,440000.0
863264.8,540000.0
463741.38,159333.5
1488128.0,206500.0
794888.25,169500.0
819938.75,104950.0
1694187.6,270000.0
554883.9,121277.0
1694980.8,554000.0
435228.06,210000.0
515540.34,63750.0
486478.12,222500.0
2088369.9,446000.0
2375329.0,585000.0
1406104.2,374900.0
2094703.5,450000.0
1875934.1,433747.5
1297702.6,330000.0
1139571.9,275000.0
1784100.8,805000.0
1327884.2,225000.0
1039716.8,249950.0
1936608.2,840000.0
1272528.5,530500.0
2017259.1,680000.0
1886016.2,434995.0
753618.2,281250.0
601394.5,260500.0
1390267.5,805500.0
1336734.8,860500.0
665851.4,627500.0
658976.3,250000.0
2104057.2,740000.0
1340170.4,237032.5
1340170.4,237032.5
1483783.4,230000.0
1262469.6,224900.0
917014.3,363000.0
442704.88,63750.0
754909.9,257500.0
1087255.4,239950.0
1329558.6,345000.0
1226635.6,501527.5
783841.25,360000.0
1285631.2,443000.0
715539.7,281250.0
1313528.8,850000.0
1332789.5,730000.0
1569153.0,350000.0
458650.8,159333.5
1550638.1,440000.0
719525.06,155000.0
1526647.5,629050.0
658445.2,250000.0
870676.75,380000.0
1645129.4,275000.0
546348.5,115000.0
1510051.8,189550.0
443233.2,425934.5
2087458.1,589530.0
1496543.4,450000.0
882897.44,295000.0
604338.9,150000.0
577472.2,150000.0
1232430.1,318000.0
819950.4,137500.0
658516.2,396151.0
821077.25,236000.0
1899785.1,692500.0
1240734.6,225000.0
1250278.6,442500.0
320680.7,200000.0
885300.75,305000.0
1504844.0,513795.5
2459286.5,1199000.0
2479756.8,617500.0
652395.6,327500.0
2331701.8,1119995.0
2103886.5,740000.0
918670.25,98250.0
1799686.2,475000.0
1561015.2,370000.0
1135453.2,140000.0
1577305.9,372000.0
1795308.0,692500.0
1142821.6,418250.0
1313690.9,305000.0
1224973.8,124750.0
1333801.8,595000.0
1586770.1,350000.0
1163377.6,127500.0
1017829.56,465000.0
1257926.4,385000.0
1771639.0,287000.0
1685503.0,567500.0
850533.3,140000.0
1185228.2,492000.0
1196855.1,364500.0
676003.9,235000.0
1829666.4,2065000.0
2544447.2,671000.0
1822235.5,544900.0
850533.3,140000.0
597833.6,140000.0
1017685.56,465000.0
870864.5,259500.0
1332292.6,305000.0
623494.25,201250.0
1204883.6,399995.0
646283.9,230000.0
1471107.0,587500.0
827174.6,464500.0
1873482.4,520000.0
1349431.8,605500.0
1080291.6,140500.0
468490.6,146500.0
1546767.4,293500.0
1246188.2,350000.0
814808.06,124500.0
1113686.4,569000.0
1553195.9,420250.0
838271.6,155000.0
2496606.0,1022500.0
1307396.0,323000.0
1175385.6,339950.0
1652181.6,442000.0
487178.8,378000.0
1387480.9,320000.0
815816.7,129000.0
736983.56,580000.0
462817.7,172000.0
910453.56,628990.0
1606311.2,450000.0
1108185.1,425000.0
772038.0,310000.0
1522839.8,564000.0
2145131.0,668000.0
1246160.2,1615000.0
654803.5,181000.0
833102.8,378325.0
2312227.8,614000.0
1057066.0,527000.0
1205127.4,352000.0
882523.4,144000.0
751677.94,342500.0
1135431.8,365000.0
1378542.0,240000.0
1570781.5,387500.0
1345853.6,679900.0
473327.03,215000.0
753401.9,218000.0
556659.06,275000.0
2591281.8,865000.0
698657.75,243750.0
1856029.1,550000.0
1364708.1,420000.0
1967539.8,599000.0
485160.72,94900.0
1210611.5,445000.0
1626500.0,504262.5
1497909.2,465000.0
1363541.8,120000.0
1406214.9,385777.0
1334803.5,587500.0
744768.5,249000.0
1407146.8,670000.0
1057054.1,527000.0
1316524.1,605000.0
599492.6,140000.0
1235239.1,291500.0
2016929.8,730000.0
638478.3,348350.0
1293024.9,290000.0
1277445.5,440000.0
1476308.8,645000.0
1369325.2,230000.0
718232.4,273500.0
1970853.5,492225.0
778401.44,300900.0
1816732.9,850000.0
1283162.8,1262500.0
1254455.5,212500.0
604624.94,132000.0
539679.75,124500.0
1898340.9,570000.0
288329.97,179000.0
2025620.2,658000.0
1535561.2,599999.0
1519786.2,564000.0
620498.9,644810.0
1090853.2,129000.0
1953986.4,509500.0
1742963.1,740000.0
2355355.2,505000.0
1282929.5,930750.0
1001142.2,255000.0
748796.1,342500.0
977331.9,285500.0
1628478.9,339975.0
782540.0,220000.0
880362.44,335000.0
654883.7,174950.0
1308589.5,890000.0
1505933.8,252000.0
1397232.1,315000.0
1153621.5,388190.0
1414517.9,231000.0
1803771.9,440000.0
809646.5,350000.0
1071881.5,459995.0
1964200.8,636505.5
1161130.8,679900.0
797453.2,300900.0
1632079.1,279000.0
2913240.0,850000.0
2355384.0,505000.0
728476.56,105000.0
608665.75,285000.0
1302543.1,440000.0
851302.6,302000.0
601661.7,266000.0
728236.4,274900.0
838382.25,163000.0
1326070.9,462500.0
815816.7,129000.0
1834364.1,680000.0
878375.44,107000.0
1197150.0,158000.0
957521.7,277000.0
698885.25,580000.0
1510050.0,358500.0
1340695.2,535000.0
594620.25,135000.0
1626500.0,504262.5
767234.8,282500.0
936800.4,386245.0
2312705.5,672140.0
1297298.2,461000.0
1352548.0,320000.0
486879.6,94900.0
936293.25,386245.0
1086077.4,550000.0
1755916.0,483000.0
959392.25,310000.0
1158344.8,512500.0
475378.7,242487.5
1908431.4,410950.0
520245.5,185950.0
260355.28,153750.0
827103.5,464500.0
1073473.6,150000.0
1154074.6,388190.0
916562.56,585000.0
539679.75,124500.0
1552972.9,425000.0
1300664.4,1400000.0
1310398.1,420000.0
1205127.4,352000.0
1609224.1,340000.0
1221529.1,217500.0
2916552.5,857500.0
1293024.9,290000.0
688868.6,203000.0
1795910.2,440000.0
752892.5,218000.0
1083490.2,459990.0
2097823.0,1187500.0
2234955.0,682500.0
879926.7,628990.0
1162951.1,569000.0
1095910.1,129900.0
830091.8,75000.0
1219262.4,140000.0
949758.4,355500.0
471043.62,115000.0
1286607.1,600000.0
911149.94,585000.0
1873482.4,520000.0
482625.84,388950.0
1075071.9,450000.0
617458.8,65000.0
289437.75,144000.0
1232623.0,282000.0
627948.2,291495.0
1561719.1,332000.0
708811.0,235000.0
1103236.5,251000.0
1385182.9,522500.0
1117112.9,150000.0
1303915.8,282000.0
1920254.9,407700.0
1187236.8,217000.0
618204.75,644810.0
803062.5,105000.0
747198.94,215115.0
831936.94,371650.0
640311.75,344790.0
1089371.5,424950.0
1116986.2,129900.0
2372138.8,632500.0
2212861.8,670000.0
648617.06,269950.0
1263319.8,230000.0
769346.25,220000.0
1270776.6,320000.0
2086300.1,600000.0
647186.44,269950.0
1824146.5,527450.0
1073876.8,425000.0
1244687.5,215000.0
1159263.2,420000.0
1506374.6,252000.0
1481731.8,285000.0
1141523.8,366000.0
1602448.6,276500.0
917519.06,290000.0
919149.4,465000.0
1940349.1,1164000.0
1129528.5,420000.0
1102265.4,149500.0
598875.3,245200.0
1368221.4,422950.0
1262378.8,392500.0
1454824.9,476000.0
1186397.0,309000.0
2111449.5,535000.0
590736.9,132000.0
1421958.5,480750.0
1303482.9,382500.0
1105650.4,151450.0
1145644.1,393000.0
860545.1,419900.0
2193427.8,572500.0
719045.44,249500.0
773886.44,456500.0
1451973.8,455000.0
247357.55,135000.0
662726.4,340000.0
2456086.2,952500.0
1338478.2,635861.0
1768302.9,649900.0
1538503.9,425000.0
2395620.8,885000.0
415604.03,158900.0
1063903.5,175500.0
724451.2,115500.0
1539272.5,434947.5
1534159.9,355000.0
975269.2,345000.0
992397.8,237500.0
1466136.1,624000.0
628361.0,365000.0
1545586.1,360000.0
1049150.0,477500.0
1556635.2,610000.0
639809.7,394318.0
1121373.0,470000.0
535247.7,322450.0
1251452.9,282500.0
2045171.5,1260000.0
1686769.0,830000.0
1230581.6,758870.0
1333000.9,425000.0
289756.0,171000.0
1399405.0,450000.0
835954.44,339500.0
1707424.9,410000.0
431743.75,83000.0
1308502.1,550000.0
992219.3,172000.0
906358.25,185000.0
417790.6,311000.0
2197262.0,572500.0
223955.28,205000.0
1251452.9,282500.0
1348827.6,328000.0
712395.0,156000.0
844948.5,212500.0
1172170.8,252500.0
1370052.6,715500.0
1334862.2,760000.0
2659962.0,852000.0
591104.7,232000.0
965258.56,347500.0
744662.9,376000.0
684238.25,257000.0
512756.75,280000.0
1753421.1,672500.0
1549310.2,460000.0
180092.17,291245.5
1401308.6,401550.0
1539726.9,266000.0
1405465.5,570000.0
440036.66,232000.0
1013423.56,1417500.0
591589.2,237000.0
789651.56,247500.0
1335318.8,750000.0
1074581.5,1472500.0
620413.6,235000.0
623684.44,245000.0
1347855.8,705000.0
1473216.5,650000.0
1003333.4,660500.0
1003422.75,660500.0
633500.25,635280.0
532373.06,349900.0
1226617.5,312500.0
476440.78,101500.0
1030479.44,334500.0
1061001.4,391000.0
1360540.2,325000.0
1226684.6,285000.0
1265555.8,420000.0
629885.9,365000.0
949502.06,326250.0
1391419.0,412500.0
744329.2,156000.0
632737.25,635560.0
1993105.6,635000.0
1234443.6,220000.0
1924803.8,559750.0
545684.7,220000.0
1492072.9,1430000.0
570327.56,199000.0
623285.06,243550.0
1061003.9,477500.0
1007836.25,197500.0
834998.5,102500.0
1556635.2,610000.0
223955.28,205000.0
1990198.8,755000.0
1367918.4,302500.0
1254232.5,316000.0
1957525.4,237450.0
1063903.5,175500.0
667804.75,257500.0
1587334.0,350000.0
931007.0,195900.0
587543.1,237000.0
2118267.0,475500.0
982565.25,345000.0
860353.06,419900.0
1140156.6,152250.0
1790456.9,544900.0
1993244.9,765500.0
1800801.2,670000.0
622373.8,300000.0
1284519.1,475000.0
1748274.5,550000.0
917829.6,574000.0
993893.0,237500.0
1652960.5,450000.0
992219.3,172000.0
956548.5,537500.0
2020532.6,240450.0
1089144.8,415000.0
1246832.1,358000.0
400140.1,144500.0
1297392.5,339900.0
1397975.1,1100000.0
922293.56,574000.0
1107249.6,437490.0
780523.4,165250.0
2261464.5,595000.0
953135.25,530000.0
2024542.0,715000.0
740398.06,285000.0
487196.8,145000.0
727029.44,280000.0
1328924.5,586250.0
626559.0,132000.0
1173529.5,149000.0
862782.9,350000.0
1219236.8,408500.0
484879.9,197000.0
869849.2,178750.0
1255684.5,316000.0
2160375.5,640000.0
757823.1,265000.0
1330820.0,309750.0
1298919.6,382500.0
1284519.1,475000.0
1931332.9,415000.0
2173272.5,475500.0
1238563.9,408500.0
1850359.8,575000.0
1286880.9,238500.0
391562.28,164450.0
752666.1,372000.0
873176.56,314500.0
863532.44,101150.0
502361.2,260000.0
2320135.8,620000.0
1162406.4,262500.0
531742.0,270000.0
773886.44,456500.0
737916.9,240000.0
412732.8,213250.0
528920.7,161250.0
1596149.2,975000.0
1316040.9,226500.0
3138524.2,844500.0
2143445.0,651000.0
1517908.5,590500.0
1282036.6,238500.0
1123576.4,136750.0
799820.1,165000.0
528639.94,161250.0
3104499.0,840000.0
175159.42,170500.0
1329318.9,520000.0
841038.0,115900.0
645946.94,384609.0
1681288.8,270500.0
1744420.5,509400.0
1937640.9,415000.0
1116237.2,1975000.0
1114682.0,152500.0
1325951.6,465000.0
770005.3,129950.0
407555.28,315000.0
841038.0,115900.0
1397975.1,1100000.0
2211794.0,675000.0
242815.47,249000.0
1299735.4,472475.0
1085748.8,450000.0
625287.06,269888.0
1939424.1,517500.0
1007335.2,470000.0
1092535.2,360000.0
623328.94,269888.0
1656150.1,712500.0
811064.75,267200.0
612174.25,235000.0
2344843.0,555500.0
664855.06,165150.0
1144896.6,311000.0
1367977.4,530000.0
444413.78,405000.0
909105.8,237000.0
1349535.8,320000.0
1376239.9,406250.0
2041921.2,1282000.0
750224.75,327300.0
741252.0,255000.0
1144455.4,370000.0
1226815.6,440000.0
825739.0,129800.0
617182.4,205000.0
2127817.0,533000.0
670162.3,351000.0
588755.7,125000.0
580312.94,238495.0
489403.12,212500.0
640265.4,154750.0
640265.4,154750.0
800353.94,685000.0
3004087.2,835000.0
617678.1,140000.0
628263.5,627990.0
589014.75,141000.0
900151.2,325500.0
702436.06,193000.0
589014.75,141000.0
1149264.0,410000.0
1429684.2,600000.0
1661534.2,435000.0
1938805.5,638000.0
1293433.0,299500.0
824488.2,92000.0
1278973.9,705000.0
1315656.4,654495.0
701460.9,298566.5
1641256.8,520000.0
1143512.1,370000.0
1783023.4,731000.0
662810.2,153550.0
1198963.5,361750.0
1241695.0,244000.0
1293978.0,590000.0
1588220.8,362000.0
757490.44,180000.0
945649.75,329725.0
1617391.2,640000.0
1399450.9,422580.0
973941.75,129000.0
1320797.8,273500.0
1226833.4,440000.0
1420308.5,290000.0
1942733.6,386600.0
1643746.0,235000.0
450595.9,405000.0
1048152.25,139875.0
1631155.2,232500.0
636113.25,120000.0
2264758.2,1025000.0
1499160.5,475000.0
1182614.4,236000.0
1721627.1,435000.0
1113413.0,129750.0
532878.94,136000.0
936323.7,381252.5
1093829.8,150000.0
1149264.0,410000.0
2108475.5,717000.0
737651.25,221000.0
1342427.5,668950.0
432517.03,197500.0
1212198.6,338000.0
663198.0,153550.0
1721644.9,196000.0
1951170.1,382450.0
1529741.8,352500.0
1628532.1,270500.0
580242.1,178500.0
2089131.1,717000.0
1405289.8,288000.0
2017379.5,540000.0
1468414.6,632000.0
1092344.9,156500.0
240447.44,160000.0
1287408.2,490000.0
705071.75,298566.5
985039.94,134500.0
1763021.6,464900.0
833004.3,275000.0
1116728.8,144250.0
1165162.1,420000.0
915876.5,432499.0
225328.45,147000.0
1550838.8,278500.0
714801.5,195000.0
1686850.4,417000.0
1512901.4,357500.0
583369.0,219000.0
1194156.9,387000.0
1320134.0,605000.0
521649.0,130200.0
991390.44,333450.0
1174256.5,153500.0
1952122.1,578175.0
896578.2,385000.0
1617391.2,640000.0
1316481.2,265000.0
1962964.8,780000.0
1103040.6,149950.0
758180.2,268500.0
1038324.3,1467250.0
504347.84,345000.0
628395.0,627990.0
596200.6,122500.0
1280185.8,280000.0
947596.9,371415.0
1086000.6,163750.0
832715.44,275000.0
1641256.8,520000.0
604627.44,283750.0
1296511.9,295000.0
671132.94,356000.0
1338955.9,317500.0
1778596.4,600000.0
1066443.9,444990.0
1670183.6,790000.0
2281530.2,556000.0
1286680.0,707500.0
1480296.8,407500.0
2009519.4,402000.0
836874.06,662000.0
1748564.0,541400.0
3030144.2,837000.0
733440.9,315000.0
1570650.9,335000.0
1404862.4,288000.0
2200766.5,676000.0
2053846.1,420000.0
1590407.6,298000.0
1367813.8,280000.0
2172813.2,657000.0
1552723.4,424997.5
2145292.0,627500.0
1542895.6,424995.0
1049270.0,454995.0
1518009.0,572000.0
732032.9,233450.0
1729911.1,745500.0
1275714.0,245000.0
1296320.8,402995.0
1520554.4,564950.0
2034163.0,542000.0
1085882.9,450000.0
482812.75,150000.0
2373854.5,549500.0
1703107.5,600000.0
2931907.8,830000.0
1030834.2,412500.0
1088747.9,250950.0
1070863.6,250000.0
1868160.2,640000.0
2954602.2,830000.0
441806.12,149485.0
1203507.0,392450.0
759412.8,345000.0
806560.2,504000.0
2177868.2,505000.0
674921.7,637500.0
1202107.0,139000.0
646270.06,155000.0
1686624.9,443000.0
1371708.1,280000.0
643529.56,210000.0
1368314.4,722500.0
1076848.9,280000.0
565098.7,365000.0
270873.7,168000.0
557515.9,197500.0
575611.8,240000.0
1295139.9,137000.0
1525496.1,385000.0
653187.4,231000.0
586338.9,245950.0
1095840.9,130000.0
2568831.2,575000.0
678177.4,290000.0
1301705.0,722500.0
1824777.6,529975.0
956845.75,367590.0
660617.8,210000.0
1487374.8,382500.0
847818.94,166500.0
2213142.2,722000.0
1340530.2,750000.0
1811069.9,669950.0
1553890.0,247000.0
1080035.9,161700.0
1408819.4,252046.0
1330705.9,300000.0
1517583.8,276125.0
1532739.9,499000.0
1852674.2,640000.0
1107166.8,165100.0
1173067.2,205000.0
1335917.9,630000.0
2010551.8,589999.5
1570251.5,355000.0
919641.1,610000.0
1221740.4,301250.0
1145255.4,342500.0
1106749.0,450000.0
856114.25,110900.0
1408819.4,252046.0
1608353.8,270000.0
807867.3,54000.0
751949.94,189000.0
1349123.8,330000.0
1139311.8,729900.0
652082.56,155000.0
1113942.4,422495.0
807867.3,54000.0
2167443.0,434750.0
712160.7,290000.0
1379573.6,625000.0
973536.44,497825.0
1542864.2,327725.0
1912315.1,690000.0
2512325.2,965000.0
1536250.4,499000.0
959535.44,372450.0
694246.6,379000.0
876875.6,150000.0
1070863.6,250000.0
1720083.0,600000.0
754256.2,393800.0
1022540.9,355334.0
1295139.9,137000.0
1378329.2,485000.0
1661317.6,277000.0
1364371.0,585000.0
912812.9,118000.0
669920.56,637500.0
1570251.5,355000.0
1395426.1,575000.0
1088386.0,467450.0
547976.1,188000.0
2195120.2,525500.0
1110650.2,491500.0
962716.94,366865.0
2109168.0,650000.0
1475081.1,440000.0
1783251.6,603750.0
1699826.6,562000.0
965543.56,83000.0
390420.84,156500.0
552857.56,130000.0
508174.6,134000.0
951509.56,326500.0
1551655.6,430000.0
1085140.8,454500.0
1220968.5,390000.0
1009164.7,485000.0
1802383.0,430420.0
1196038.6,281900.0
1233506.2,341450.0
1331234.0,300000.0
599233.75,240000.0
1407687.2,537500.0
1106858.1,450000.0
713984.3,176500.0
743351.44,310000.0
1691419.2,360000.0
1636829.4,285750.0
917138.7,310000.0
1391611.9,660000.0
733489.06,175000.0
428983.2,155000.0
1085049.1,454500.0
2127615.5,1290000.0
1353101.1,713500.0
1808877.2,435105.0
2177997.2,647500.0
649098.6,270000.0
645832.44,255000.0
1548281.9,428650.0
913278.25,118000.0
1449425.1,507500.0
1548062.6,489950.0
643941.56,243900.0
589527.9,82500.0
939443.7,729900.0
839453.25,150000.0
1554152.1,247000.0
1194112.2,335000.0
1524556.8,280000.0
1035704.2,279000.0
1168714.2,139000.0
2218420.0,722000.0
868028.94,362500.0
1682601.0,473000.0
676925.9,389450.0
604926.4,293000.0
1300914.6,507500.0
517816.8,366250.0
1116850.2,249750.0
1308108.6,344000.0
656184.1,353000.0
2312931.8,575000.0
808750.06,250000.0
646641.1,243900.0
1519987.5,330000.0
1371387.4,280000.0
1109810.9,127500.0
809103.7,250000.0
2280831.8,567500.0
2101057.8,552450.0
778295.4,146000.0
1495326.5,407500.0
779942.25,1600000.0
1773833.2,472500.0
1520691.6,281750.0
1290247.2,810000.0
1536138.8,258500.0
2163888.0,785240.0
914448.0,123100.0
1152808.5,135000.0
1139547.2,135000.0
639906.4,351000.0
2107883.0,729900.0
270479.12,155000.0
1351856.9,330000.0
528838.25,130000.0
553829.25,157694.0
651267.7,154000.0
1756720.9,429900.0
769961.7,106500.0
820629.9,340000.0
2137971.8,699900.0
2196925.0,400000.0
625913.25,647810.0
626922.1,264950.0
588798.0,5332500.0
403329.53,243000.0
1020917.4,325000.0
546092.75,240000.0
530416.44,132450.0
467089.75,375000.0
1069245.1,392000.0
898577.75,362500.0
499569.75,130000.0
1916761.2,415817.5
364935.9,240000.0
1785014.2,470764.5
632914.1,642995.0
2135708.8,470000.0
1916464.5,607950.0
1065572.4,479950.0
966994.56,267500.0
631230.56,264950.0
702507.75,250000.0
635855.25,115000.0
1373378.4,610000.0
1058667.1,370000.0
1043184.2,430500.0
1924350.8,415817.5
1003197.8,325000.0
504076.9,132500.0
987157.1,382745.0
1024274.0,445495.0
1300089.2,267000.0
850810.8,275500.0
2125008.8,548000.0
1219212.4,1759000.0
1296343.2,313750.0
1476535.2,266000.0
989441.6,119250.0
901490.5,386340.0
1529274.2,434995.0
668396.7,115000.0
367288.88,182500.0
1548349.0,441000.0
1628294.9,265000.0
670453.75,154000.0
2161063.5,680740.0
780083.2,285000.0
1153333.1,140000.0
1578855.0,442500.0
1530471.5,436000.0
1377358.4,724000.0
2157278.0,650750.0
1101561.2,611000.0
836289.6,336000.0
2131221.2,517500.0
2581052.8,950000.0
512966.44,137500.0
1785014.2,470764.5
1071817.8,392000.0
2797661.8,1057500.0
668396.9,115000.0
3087693.0,845000.0
291622.25,168000.0
1540352.8,1510000.0
553950.06,144900.0
582345.44,236737.5
1236786.5,329000.0
1731688.1,317000.0
1135473.1,533000.0
884740.1,215000.0
1337264.4,167500.0
1299302.8,295000.0
1332363.4,555000.0
588414.7,5332500.0
753423.2,280000.0
1001237.6,120000.0
1509739.1,350000.0
678391.8,352000.0
1094396.6,490000.0
1323366.4,890000.0
2002147.5,468000.0
735210.5,270000.0
1172619.0,874024.0
1124012.4,380000.0
1080922.0,345000.0
607546.2,282500.0
1760852.4,462000.0
2178374.8,1292500.0
3054039.2,837500.0
1956052.6,560000.0
597824.2,236737.5
765199.6,340000.0
829550.06,170000.0
962630.5,164950.0
1125824.8,205500.0
1136130.2,290000.0
1055963.6,434600.0
1814121.8,475000.0
2144361.5,607500.0
733978.2,240000.0
779942.25,1600000.0
928073.75,296000.0
1490945.0,351000.0
1564526.1,275000.0
735276.0,314000.0
1445148.8,452000.0
836271.8,336000.0
1167076.1,377000.0
1765205.2,585000.0
1015607.44,284500.0
912884.2,123100.0
2278809.0,685000.0
799889.0,175000.0
1101561.2,611000.0
884453.44,215000.0
1403194.9,650000.0
1199325.0,480000.0
612623.25,190000.0
578192.06,255000.0
2045630.8,696000.0
2264909.5,650500.0
2024243.9,665000.0
953299.44,327262.5
1164864.2,395000.0
307858.5,78000.0
173314.75,174000.0
1185192.2,141000.0
1401606.0,724000.0
1136581.8,533000.0
1346797.0,632500.0
1063143.0,479950.0
390002.44,289350.0
1133312.4,422500.0
1361467.8,325000.0
962647.25,164950.0
1094438.5,490000.0
456766.8,375000.0
1135596.4,868000.0
776372.0,100000.0
1268451.5,807500.0
1695819.4,442500.0
886161.2,387115.0
1232981.8,347450.0
1165291.6,422500.0
1229088.5,2399000.0
1499053.6,499950.0
421685.06,119900.0
1838409.1,470000.0
1538373.4,228000.0
1149893.2,135000.0
782190.25,290750.0
952099.0,132500.0
485433.53,284000.0
706718.5,231500.0
2250412.0,1272500.0
1999497.5,500000.0
676764.8,375000.0
1322059.5,325000.0
2161563.5,487500.0
911227.5,292500.0
1041803.8,425000.0
2115002.0,677500.0
1200650.0,360000.0
3059437.5,860000.0
2001632.9,650000.0
643228.5,338500.0
527686.56,322500.0
1124717.2,1375000.0
1578984.2,450000.0
1510226.6,430000.0
2539766.5,970000.0
1369963.2,325000.0
1536524.2,228000.0
942067.3,336250.0
459430.62,425000.0
555119.9,1400000.0
1016738.25,508566.0
709884.44,225000.0
2309555.5,1049000.0
1556798.5,435000.0
535363.8,45000.0
935633.8,136650.0
1650320.4,340000.0
1198997.9,432000.0
568010.0,196990.0
861642.1,375000.0
775259.25,322057.5
843331.3,300000.0
709884.44,225000.0
532982.3,210000.0
1843598.4,425000.0
1491599.0,562500.0
2151109.2,578100.0
1973666.0,565000.0
1120259.8,322500.0
1272442.8,355000.0
1410711.1,823000.0
1433855.0,652500.0
736454.4,240000.0
279474.2,179000.0
2381468.5,1300000.0
593038.1,310000.0
1086681.4,504101.0
2169725.8,410000.0
803983.56,170000.0
1095840.0,240000.0
2251625.8,710000.0
661788.7,237000.0
683461.4,572500.0
451347.34,180000.0
548510.06,182500.0
2160559.8,702250.0
450664.9,314950.0
1260400.4,267000.0
857998.56,192450.0
1117028.9,137300.0
1754947.8,520000.0
1935385.9,565000.0
935972.5,370000.0
715807.3,179950.0
576135.9,165000.0
1619701.8,475000.0
576135.9,165000.0
962803.0,139500.0
1444013.4,520000.0
1194390.6,112500.0
1373507.1,369990.0
1149294.2,146000.0
669025.8,182500.0
1340870.0,330000.0
849122.25,275000.0
1543292.9,337500.0
249186.64,167500.0
678316.56,175000.0
701823.7,274900.0
928586.8,167000.0
1183607.9,112587.5
1168508.9,266225.0
557104.94,216000.0
1069395.6,415000.0
859466.2,135000.0
1051923.6,335000.0
1466899.8,528750.0
2103489.2,713000.0
488167.44,159900.0
646026.2,654500.0
476252.94,192500.0
1928623.4,425000.0
394935.44,212000.0
464412.28,163000.0
811237.6,295000.0
1424319.5,457000.0
1429860.5,790000.0
463305.72,293000.0
555630.2,140000.0
559418.44,140000.0
644215.5,659530.0
645348.44,359250.0
962878.4,359000.0
2349092.8,1000000.0
1222251.4,112500.0
1065170.0,430000.0
937970.9,335000.0
2005021.0,514950.0
1902896.9,427500.0
1492159.1,680000.0
1507443.2,680000.0
635260.25,307807.5
1540786.8,505000.0
2146447.5,662000.0
295599.25,172500.0
1204721.0,432000.0
2124154.2,575000.0
577497.25,274500.0
857730.0,192450.0
694390.2,133500.0
1510202.9,1525000.0
613007.44,240000.0
1142143.0,143650.0
1581995.8,362500.0
1183607.9,112587.5
1608172.8,615000.0
890098.5,315000.0
843963.7,275000.0
774535.0,322057.5
1404955.6,640000.0
1379807.0,687094.0
1201847.0,245000.0
1570926.5,355500.0
595546.44,221000.0
1488197.9,695000.0
1229998.6,346000.0
1473763.4,290000.0
2143404.0,482450.0
454301.97,425000.0
810323.44,360000.0
1545046.4,442147.5
1354115.2,325000.0
1272645.0,365500.0
2092515.2,480000.0
1002370.25,525000.0
515779.62,320000.0
1701000.2,705000.0
668017.9,128000.0
552273.06,180000.0
2267239.8,769000.0
858170.56,135000.0
519404.16,160000.0
520365.53,159900.0
1559101.6,270000.0
3094092.5,860000.0
660970.25,239950.0
2309454.2,1049000.0
935116.6,370000.0
1549162.4,369900.0
1341391.9,325000.0
2418655.8,676000.0
198756.22,180000.0
1883461.0,260000.0
1335026.0,715000.0
639341.5,299800.0
870871.06,123750.0
973538.25,249000.0
3615131.0,1175000.0
1314031.1,325000.0
580154.7,73750.0
646834.1,380000.0
653219.3,256000.0
641801.7,380000.0
1587161.6,590000.0
1977691.8,430000.0
1978231.4,430000.0
905805.75,367986.5
1501700.4,300000.0
958405.6,410000.0
1975802.9,560000.0
622806.9,150000.0
1083630.6,90000.0
287018.3,180000.0
2511626.0,1342500.0
1439034.9,363150.0
827750.4,426990.0
1406204.1,690000.0
1583142.1,349000.0
702232.1,332500.0
1361056.4,341250.0
654068.06,260500.0
1923302.8,729900.0
1081658.4,298000.0
2406367.2,514500.0
1588815.2,499500.0
705436.94,190700.0
1231381.1,417500.0
490324.5,157500.0
615331.06,252000.0
1312828.8,340000.0
788436.9,130500.0
2105330.2,770000.0
1584024.9,1168500.0
368336.78,225000.0
842728.7,258500.0
1094157.1,500000.0
1074812.0,142500.0
514227.12,156000.0
1451517.8,1025000.0
1331752.6,380000.0
955388.25,100750.0
1099856.0,147500.0
1567114.5,470000.0
816762.4,125000.0
2142439.8,529950.0
1348761.8,745000.0
702759.6,185000.0
1401234.4,334500.0
1285842.1,285450.0
1197380.6,750000.0
1223380.2,465000.0
1090170.4,239500.0
1974050.1,525000.0
781259.2,210000.0
1171307.0,132000.0
398738.3,169900.0
514227.12,156000.0
1153621.4,406500.0
1242546.6,223000.0
1521890.1,785000.0
537325.56,162450.0
622688.8,260000.0
760668.25,400000.0
707575.6,257000.0
822159.44,264000.0
1650117.5,602000.0
1227539.2,455500.0
1037937.25,74000.0
1237293.6,625500.0
1992518.8,565000.0
1528676.4,815000.0
855815.56,122500.0
1497270.0,340000.0
1603652.1,350000.0
759911.0,400000.0
501528.1,235000.0
1046122.3,165000.0
2090921.9,845000.0
1338413.0,562500.0
510559.78,355000.0
782881.94,177495.0
1370698.9,580000.0
444162.56,366500.0
1951720.8,612500.0
1574111.4,434000.0
1743910.9,609000.0
2133271.8,655200.0
758939.25,160000.0
437081.88,370000.0
867013.4,159100.0
1740035.4,609000.0
3073948.8,850000.0
293788.94,50000.0
1723961.5,710000.0
1011603.9,399000.0
2375413.0,656250.0
1360172.8,910000.0
843124.75,258500.0
1874026.4,475000.0
2129188.2,525000.0
1056578.4,140000.0
920689.25,565000.0
1639620.6,370000.0
1578633.8,435000.0
1305016.9,620000.0
946518.1,565000.0
649023.4,252500.0
1161107.5,357590.0
1197380.6,750000.0
1078628.6,490000.0
1313396.2,425000.0
1046122.3,165000.0
1091200.4,229975.0
669730.94,662897.5
1422614.6,385000.0
1382321.1,335250.0
1250196.2,223000.0
1210436.5,1368000.0
1231403.6,310000.0
971797.2,249000.0
1147084.8,151000.0
1444104.2,405000.0
493774.22,387500.0
1083630.6,90000.0
836223.25,158000.0
1420343.0,295000.0
873190.44,123750.0
760746.5,218000.0
1464630.2,469900.0
251112.4,159500.0
589579.75,240000.0
1566822.2,551000.0
576360.06,445000.0
2333252.8,1260000.0
1161235.6,357590.0
1773657.0,290500.0
1505105.5,565000.0
1100934.2,500000.0
1042747.06,325000.0
1971145.6,366250.0
500816.8,359000.0
1307626.5,250000.0
918502.06,353000.0
1302112.5,1410000.0
939279.9,372500.0
1530147.8,436700.0
3061595.2,865000.0
1394749.1,345000.0
1331722.8,278000.0
1150138.1,435000.0
1322308.0,720925.0
1098832.5,410000.0
973645.06,377500.0
1387880.1,630000.0
583469.44,199000.0
1485388.2,488500.0
1609080.4,282000.0
461709.97,156000.0
797937.3,307050.0
1414256.1,250000.0
1957583.9,475000.0
703463.6,246000.0
1101870.1,325000.0
2235258.2,1274250.0
1975956.2,355000.0
555211.5,82500.0
706972.56,320000.0
1401603.0,920000.0
1113744.8,465195.0
578078.44,249950.0
658718.2,675000.0
1121439.2,132500.0
1745939.9,729900.0
1589889.5,375000.0
2175582.2,571250.0
1631184.9,650000.0
1316644.4,510000.0
547512.2,265000.0
1900493.5,673675.0
1001299.0,361800.0
1137814.8,150000.0
1342132.4,701000.0
915683.6,239995.0
1590364.5,424995.0
1567380.9,310000.0
2607139.2,999500.0
2274233.8,683500.0
846757.9,299900.0
1334522.2,510000.0
1373134.5,345250.0
570037.5,112500.0
996632.0,132950.0
1092209.2,166500.0
3063589.8,860000.0
279839.72,150000.0
954263.25,364713.5
1272691.6,342500.0
2016499.1,414995.0
1347826.5,855500.0
1654346.6,385000.0
1572083.8,424995.0
508952.28,235000.0
1615208.5,334500.0
904945.4,89000.0
557175.25,182000.0
2202380.5,698509.0
808880.5,260000.0
851275.8,127000.0
1560425.8,454995.0
1144834.8,129950.0
1246502.6,543000.0
627694.0,355000.0
1335343.6,159750.0
1283283.1,1617000.0
811040.8,311500.0
1330535.8,457450.0
711784.25,195000.0
207792.73,172500.0
1573670.8,515000.0
1076274.0,1300000.0
1400265.2,636000.0
1406206.6,630000.0
1561946.5,455295.0
1335343.6,159750.0
1831067.8,599950.0
2049338.8,550000.0
525111.75,210000.0
846280.7,127000.0
1100515.0,520000.0
2314363.8,632500.0
2415396.0,712500.0
1090303.8,405000.0
653557.44,367500.0
1571622.5,620000.0
1786325.6,730000.0
685192.6,376250.0
1782686.5,324000.0
2006647.2,414995.0
1234962.4,774000.0
2403561.5,239000.0
1079819.0,479000.0
941048.7,367500.0
1390075.4,338000.0
3045143.8,857500.0
2340797.8,765000.0
815056.4,235000.0
698033.56,650000.0
2354196.5,675000.0
630697.8,168750.0
2210483.8,1418800.0
1120975.6,435000.0
1612033.8,615000.0
2197386.8,540000.0
850400.94,275000.0
675475.0,396925.0
1360326.0,1617000.0
1429240.6,330000.0
1018825.2,195000.0
1033743.06,423000.0
2628970.2,1041000.0
913476.5,239995.0
615503.9,174000.0
1536066.9,567500.0
489764.66,155000.0
583910.1,166000.0
1151350.2,455000.0
1156193.1,133750.0
915002.5,316250.0
1120063.5,141000.0
694561.5,658990.0
613231.44,394500.0
630697.8,168750.0
2225413.5,510000.0
1121536.5,435000.0
1111742.2,471390.0
1245971.9,425000.0
575543.0,310000.0
419056.7,182000.0
497016.3,425000.0
1128679.4,208000.0
1672526.6,295000.0
1392020.1,716250.0
526216.94,80000.0
1049328.5,281950.0
661213.2,225000.0
1189219.9,442000.0
1846290.1,525000.0
1031936.06,350000.0
1018614.06,195000.0
388434.97,205000.0
916829.75,425495.0
427728.75,371950.0
1102545.9,377500.0
875971.2,141750.0
1385246.6,630000.0
916829.75,425495.0
2072674.1,578000.0
693957.0,215000.0
1210718.9,1546250.0
829269.7,464000.0
1434025.8,548750.0
1117360.8,350000.0
1222467.5,260000.0
834263.8,235000.0
1546637.0,690000.0
1483218.8,650500.0
1267166.0,470000.0
697549.75,209000.0
1774267.8,686250.0
1721243.5,662500.0
1599325.9,410000.0
1641264.5,410000.0
1210641.4,435750.0
420812.75,374900.0
826784.56,165000.0
642811.9,245000.0
854931.4,301000.0
1416839.4,265000.0
1122349.2,471390.0
750652.56,107000.0
770843.5,70000.0
2202380.5,698509.0
1323205.5,860000.0
695839.3,270000.0
1862941.4,682500.0
477306.6,404900.0
941519.3,335000.0
697296.7,273000.0
1404120.6,707367.0
314614.72,174450.0
564337.1,282500.0
2362391.2,230000.0
2152008.0,650000.0
684367.94,260000.0
526216.94,80000.0
461382.25,120000.0
1609848.6,410000.0
2233009.8,541000.0
1033154.5,132950.0
676814.6,396925.0
813686.25,112000.0
685842.06,262500.0
1620537.9,322000.0
1326217.8,225000.0
649948.6,225000.0
1351836.8,285500.0
1839971.6,507000.0
1278745.4,355000.0
1330016.9,225000.0
705373.5,170000.0
1401080.8,334500.0
1275397.9,355000.0
1034526.9,287500.0
1170684.0,1762500.0
419552.78,182000.0
1260683.4,426500.0
1106192.1,173250.0
1246502.6,543000.0
711268.3,282500.0
1661549.1,465000.0
1018147.44,315000.0
2170180.8,715000.0
2311359.5,700000.0
1408213.4,325000.0
862757.06,418000.0
474041.2,117500.0
652891.25,290000.0
1303226.8,1655000.0
2328310.2,1265000.0
729182.56,227500.0
1715593.4,295000.0
1434094.4,676000.0
2173485.2,1050000.0
1031719.2,334500.0
1414086.8,810000.0
1178673.6,180000.0
1888527.1,780500.0
1227923.5,763450.0
800577.94,112000.0
520687.3,179900.0
612548.7,175000.0
1416356.5,491115.0
1389930.9,340000.0
1558400.5,444995.0
1786859.9,714000.0
998033.7,237000.0
2537031.5,1071500.0
1132123.0,278750.0
1127307.5,390000.0
1041411.75,329500.0
631295.25,185000.0
1266510.5,375000.0
1108615.1,112098.0
528003.0,215500.0
2136216.2,600000.0
1144926.9,183500.0
1318971.0,359000.0
899807.6,237500.0
1438608.0,738500.0
1422178.0,652495.0
643880.0,106900.0
3152114.0,860000.0
755263.3,1500000.0
793680.9,327500.0
2104853.8,316000.0
915691.7,630000.0
221586.4,151000.0
1605170.0,487500.0
1521228.4,419500.0
3193620.8,850000.0
1815017.8,2512500.0
668936.3,260500.0
1143442.5,153000.0
1196942.1,1143000.0
1381079.2,260000.0
2105668.8,395500.0
1058687.9,245000.0
1411279.0,360000.0
2321960.8,677500.0
620383.1,245000.0
2058091.4,1065000.0
1893488.5,734500.0
1338445.0,264200.0
1510810.6,261750.0
522417.38,179950.0
797141.5,265800.0
892003.56,85000.0
753875.1,300000.0
2499058.8,650000.0
1619624.4,349900.0
1408092.2,599000.0
1319784.9,359000.0
2187274.8,511000.0
1643128.8,435000.0
984544.06,150000.0
1031719.2,334500.0
1290736.5,460000.0
919902.94,330000.0
2446192.5,1087500.0
639326.75,312000.0
1203320.5,536700.0
1867883.0,610000.0
735852.7,136250.0
358415.28,550112.5
1186279.4,1480000.0
1071046.0,599000.0
1575559.8,649990.0
905770.25,365000.0
1053394.1,599000.0
1593630.5,344212.0
1952436.4,426995.0
860646.8,300000.0
1431707.5,450000.0
1258902.8,300000.0
2255368.0,735000.0
1642199.8,392500.0
1348429.4,495557.5
650038.44,252000.0
989944.3,338750.0
1212063.5,1143000.0
551807.6,145000.0
839747.4,177500.0
1132098.9,475000.0
1335245.5,385000.0
666853.6,674000.0
742545.44,136250.0
1569486.6,630000.0
890693.44,630000.0
1782871.1,517450.0
733328.3,321000.0
661860.0,675000.0
2271069.8,465000.0
2168636.0,505000.0
914510.4,322500.0
2022102.8,568200.0
980707.4,286000.0
1221467.2,475500.0
1740069.2,353000.0
1227923.5,763450.0
1236457.0,595000.0
1198037.1,1536000.0
1082319.5,424950.0
1157966.1,475000.0
980948.44,179900.0
1672125.5,757500.0
1500351.9,449000.0
2036060.1,796250.0
423265.2,149900.0
1774987.0,645000.0
358415.28,550112.5
1388686.1,320000.0
508727.25,405000.0
955920.9,155000.0
1686363.5,421750.0
656482.0,182950.0
1267437.4,298900.0
2499058.8,650000.0
993573.0,338750.0
2009132.1,475000.0
1385748.2,330000.0
1171484.2,152750.0
980948.44,179900.0
778724.0,160000.0
1300207.5,455000.0
733853.94,275000.0
1874762.8,745000.0
777094.1,50000.0
670535.5,261000.0
723591.9,299000.0
2104853.8,316000.0
612256.0,227500.0
696696.7,304000.0
1370098.2,312000.0
544297.44,411250.0
1509882.8,577200.0
1557981.4,449995.0
713055.2,310000.0
581981.56,404950.0
777828.1,362725.0
1162280.2,475000.0
2294103.2,655000.0
1122615.1,170000.0
1122244.0,481140.0
1397572.5,340000.0
704698.8,317500.0
1888527.1,780500.0
2312656.2,1317500.0
359684.94,251500.0
267739.88,158000.0
698466.75,207000.0
751262.3,200000.0
1661799.4,455000.0
1136538.1,440000.0
1236624.0,595000.0
923923.44,370000.0
1437114.0,601500.0
901681.4,190950.0
1610304.2,344000.0
2032777.9,635000.0
612268.7,134099.0
1881214.5,640000.0
804881.5,229950.0
422926.94,389990.0
908968.1,94000.0
753677.94,181700.0
2060760.1,723000.0
943553.7,367000.0
973116.06,379900.0
1340836.9,264200.0
1573710.5,665000.0
1995662.1,450000.0
429726.22,149900.0
903067.44,85000.0
1066213.2,162000.0
2102970.5,700000.0
692648.9,206000.0
1257588.2,383250.0
439339.03,385000.0
804410.4,229950.0
1164291.1,277500.0
2336379.5,662500.0
2187366.0,465000.0
784992.8,315000.0
1334582.5,726000.0
586352.75,400000.0
1653610.5,300000.0
2043043.1,1325000.0
998033.7,237000.0
445069.66,385000.0
1959740.6,426394.5
3144322.8,842500.0
1048742.2,600000.0
2527383.2,1116000.0
700648.9,132500.0
1696825.4,291000.0
1966026.6,645000.0
1890308.2,647000.0
1169604.6,461000.0
695592.1,186250.0
627389.2,213750.0
1561501.0,607000.0
691945.25,369900.0
2284451.8,653950.0
1119872.9,455000.0
1903025.5,777500.0
691232.4,369450.0
3089527.5,700000.0
941997.5,137000.0
523963.44,124500.0
189859.19,164500.0
1124952.2,260750.0
1610821.4,584500.0
1613662.4,490000.0
1155117.2,475000.0
1366871.8,292000.0
1122520.6,394500.0
1421326.9,120500.0
1137918.9,437500.0
734304.8,285000.0
1397859.4,339500.0
613292.0,78750.0
1173306.4,437350.0
1131755.5,1425000.0
1336633.2,639000.0
1186515.0,297500.0
1399781.5,627000.0
1146783.6,260225.0
1096685.9,390000.0
1366767.8,327450.0
2086469.8,415000.0
1381648.5,340000.0
734638.5,235000.0
1020933.7,143500.0
645836.4,690000.0
990960.0,155500.0
949828.9,355000.0
1743264.5,900000.0
1165281.8,190000.0
506743.16,169500.0
1172211.5,690000.0
761964.1,173000.0
1624547.8,550000.0
1440333.9,828000.0
1958146.5,430995.0
1208715.2,158900.0
671374.6,246000.0
2152246.0,790000.0
837827.2,320000.0
718191.5,310000.0
2073608.1,585688.5
834966.06,349763.5
1052943.5,690000.0
1448540.1,272500.0
1606676.4,700000.0
1236655.5,160250.0
507801.34,169500.0
856838.7,188500.0
479165.6,311500.0
1322015.5,763901.0
1155405.6,345500.0
613701.94,78750.0
1591672.8,392000.0
1877707.6,455000.0
968805.3,389999.5
1168845.1,277500.0
2089861.0,799950.0
1581544.2,430295.0
1276987.5,380000.0
1352115.0,342500.0
1915669.8,447450.0
916811.4,190000.0
1951037.0,615000.0
1169094.4,482995.0
1250497.9,500000.0
1222477.4,485000.0
545464.44,190000.0
934051.6,334950.0
1155013.8,175000.0
961769.2,145250.0
737416.56,168000.0
2309857.0,650000.0
1621872.1,343500.0
1427512.4,1660000.0
1307757.8,452500.0
423367.47,235000.0
3152224.0,840250.0
1870965.4,492500.0
1423766.1,828000.0
649619.25,140000.0
1169886.2,499000.0
1633716.8,300000.0
829151.5,650000.0
664824.94,311000.0
1936062.6,573000.0
1123502.6,341500.0
2130929.8,585000.0
1600430.5,700000.0
719733.1,310000.0
1217242.1,475000.0
866573.5,275000.0
774931.5,319000.0
919510.9,321000.0
1260954.8,281950.0
670139.4,132000.0
1639450.8,720000.0
2242646.5,777500.0
1168845.1,277500.0
1515491.5,480000.0
755829.06,285000.0
1579099.4,439900.0
924790.56,369500.0
702783.5,292500.0
1252552.9,500000.0
1273509.0,310000.0
1233046.8,330000.0
1009404.75,322500.0
1701629.4,377000.0
1235033.9,164000.0
726266.3,222500.0
1235842.6,375000.0
2257647.5,789500.0
759109.4,170000.0
1801160.2,584500.0
1613662.4,490000.0
1272293.1,634000.0
1812655.1,727000.0
760422.25,205000.0
1152640.1,495000.0
1340538.2,608000.0
1869312.2,510000.0
829209.94,650000.0
1122372.4,1621450.0
637274.9,277500.0
486955.03,205000.0
1789756.5,290000.0
1559083.0,369900.0
863237.9,197500.0
1514458.8,430000.0
2112719.5,680000.0
1127877.5,475000.0
1549526.4,734900.0
2052567.5,587500.0
1181521.9,423675.0
826688.3,279000.0
672399.1,402500.0
670027.56,242350.0
1700923.9,381250.0
492799.6,412000.0
492161.28,417000.0
2522159.0,1055000.0
1417000.2,597450.0
1448540.1,272500.0
916811.4,190000.0
2081343.4,560000.0
1113605.5,1222150.0
1338135.6,349990.0
1761238.6,539900.0
809131.44,115000.0
798536.94,283000.0
2202784.0,1252100.0
1397625.1,350000.0
687437.25,197500.0
696657.06,186250.0
624766.25,204750.0
2289561.8,642000.0
746220.9,146000.0
531223.06,318500.0
892450.3,615000.0
962058.06,299500.0
1000639.94,370000.0
689146.94,93000.0
1471587.0,1700000.0
725112.1,143500.0
2279309.5,675000.0
655724.06,670655.0
251995.53,140000.0
1415169.8,698000.0
1960068.1,430000.0
1438088.5,635000.0
1072479.5,440000.0
975165.44,275000.0
1215235.6,485500.0
438052.88,108000.0
474677.97,330750.0
1490060.0,295000.0
692059.8,109000.0
1228423.0,475000.0
1874527.0,474000.0
612519.7,315000.0
1192825.8,185000.0
1514140.5,730000.0
2257647.5,789500.0
286782.2,172500.0
1221318.5,154000.0
3089527.5,700000.0
2086479.9,415000.0
1299720.2,250000.0
1019262.0,215000.0
969658.9,128000.0
1587440.0,350000.0
621069.9,153022.5
1830299.8,604975.0
1608899.0,306000.0
2402325.0,1120000.0
1216965.8,328750.0
957062.44,350000.0
1161835.5,614800.0
2160266.0,510000.0
753067.6,250000.0
501545.25,180950.0
1848585.1,627000.0
452012.72,357500.0
1214029.9,440000.0
778460.2,170000.0
927468.2,108000.0
877161.6,402500.0
1816925.0,407000.0
972964.75,785000.0
881346.44,110000.0
1229382.2,262500.0
2461373.2,682500.0
1169280.9,568000.0
415712.6,218000.0
828910.7,301000.0
921824.1,350000.0
2404587.0,477500.0
1506024.1,1100000.0
2238498.2,535000.0
737662.7,269900.0
458456.97,366000.0
2001363.4,600000.0
640734.25,259000.0
282999.53,180000.0
2475209.2,735000.0
2097067.5,662500.0
1384316.9,932500.0
1080842.1,258750.0
463819.22,349000.0
1392632.9,265000.0
1453029.5,727000.0
1471900.6,1654500.0
1385784.4,860000.0
1279685.1,277000.0
857009.7,377500.0
1776218.1,730000.0
1482598.8,415000.0
1537157.0,852500.0
948768.4,350000.0
1845787.2,335000.0
688891.44,296265.0
1130049.4,424000.0
3117759.0,877000.0
738853.4,190500.0
2159151.2,685000.0
834214.7,241000.0
1395813.4,850000.0
1401298.2,675000.0
528375.3,365000.0
1138597.4,412500.0
2214166.5,740000.0
683268.06,385000.0
878715.56,202450.0
615381.7,276500.0
532616.9,260000.0
834578.3,327250.0
1239418.9,455000.0
1588703.4,302500.0
1317708.5,430000.0
4064255.2,1065000.0
1928829.9,428947.5
1154143.9,485000.0
658309.7,686500.0
842809.9,370000.0
1340967.6,807500.0
2319909.8,643000.0
773692.2,140000.0
921058.7,333750.0
2071657.5,410000.0
922800.2,110000.0
1085473.1,614800.0
1386549.5,767500.0
1641346.2,500000.0
1365970.5,271000.0
963789.94,585000.0
1359114.9,326250.0
1313017.1,721000.0
1537406.1,367500.0
1558300.0,263250.0
685141.94,95000.0
1296647.1,363650.0
2171012.5,705000.0
1346628.1,318500.0
871524.7,459000.0
639167.8,275450.0
1130272.2,180000.0
1720410.6,492500.0
972958.9,785000.0
2149126.5,556500.0
1174073.8,405500.0
1602891.8,526450.0
2155313.0,1250000.0
2285782.2,706750.0
871600.1,459000.0
723134.6,245000.0
1322376.2,452000.0
1461457.9,350000.0
1615902.1,538975.0
602232.6,161000.0
749387.4,292500.0
737379.5,175250.0
540410.06,226670.0
1183909.4,431388.5
1306822.6,318750.0
411421.5,289000.0
2461343.5,682500.0
1217146.8,315000.0
1578006.1,435000.0
1395813.4,850000.0
1413610.2,358000.0
1528246.6,225000.0
695477.75,243750.0
915208.1,650000.0
1241253.2,170000.0
1431233.6,597500.0
756983.25,300000.0
1187715.4,168000.0
2193022.0,661000.0
1580861.1,435000.0
1181044.1,452500.0
1174073.8,405500.0
518312.56,125000.0
1169782.8,180000.0
1433873.4,276500.0
1954023.5,427700.0
1089957.0,104000.0
1387194.5,572500.0
1471926.8,450000.0
1062795.6,299000.0
1615901.2,538975.0
1381855.9,722500.0
635779.56,272920.0
1582601.0,439900.0
998261.06,347500.0
1173064.9,566500.0
1201625.4,1492500.0
1233442.0,154950.0
1911985.4,444500.0
1089957.0,104000.0
1266013.2,577000.0
729337.06,315632.5
1557729.9,225000.0
923527.5,92000.0
1085789.0,257500.0
2300894.5,643000.0
394940.78,289000.0
1362482.5,639975.0
584694.1,359000.0
1266013.2,577000.0
640171.94,250000.0
858007.2,301000.0
1344769.6,440000.0
2076078.6,565000.0
1481001.0,597500.0
1620941.8,552500.0
1131366.6,479900.0
1493482.0,571838.0
1126715.0,479900.0
1368396.4,276500.0
648800.5,159000.0
2344227.0,464205.5
1371155.8,138500.0
1371155.8,138500.0
938603.5,365000.0
503493.56,180950.0
1549455.0,472750.0
1648310.4,317500.0
1706533.9,764500.0
661015.5,695000.0
915494.6,202450.0
738820.94,267450.0
1631552.6,379950.0
1655757.1,300000.0
731949.2,190500.0
1221255.6,155000.0
1356667.6,318500.0
3099639.0,865000.0
4076994.0,1065000.0
668814.5,385000.0
960603.3,188000.0
1840803.1,668000.0
685141.94,95000.0
1946834.9,453500.0
948735.1,364950.0
1495377.6,601450.0
608862.4,217500.0
1422834.8,318250.0
2419851.5,1165000.0
952667.0,132549.5
512257.3,178500.0
960603.3,188000.0
1415918.0,315000.0
691076.8,340000.0
721573.75,245000.0
641242.6,322500.0
1493553.1,571838.0
1384571.8,932500.0
257735.98,127500.0
1182638.5,452500.0
1365087.4,320000.0
1643044.4,375000.0
1332985.8,430000.0
965997.4,132549.5
1396224.2,330000.0
520232.6,125000.0
797241.3,300000.0
1211089.8,1316250.0
2254330.2,630000.0
1107191.5,192500.0
1019660.56,310000.0
1416367.1,275000.0
1838408.2,600000.0
855852.25,425000.0
1521841.5,326500.0
1599649.4,285000.0
803157.25,445000.0
1517049.2,661500.0
852876.4,265000.0
1018156.7,231500.0
1941737.1,431042.5
774208.1,174900.0
725543.7,273500.0
1085356.1,400000.0
1046325.25,209500.0
1145570.5,575000.0
1490343.9,817500.0
2028447.0,775000.0
982777.75,270000.0
1454434.8,975000.0
1691810.9,807500.0
650107.1,235000.0
563607.8,157500.0
583749.94,257500.0
1180785.5,475000.0
1080189.9,450000.0
1521909.5,237450.0
1248097.4,460000.0
769900.06,230000.0
2132097.0,360000.0
962958.94,325000.0
1743224.8,315000.0
1107191.5,192500.0
678066.1,675000.0
874790.5,100000.0
1581496.2,437500.0
1088804.4,400000.0
1586949.8,439995.0
1171529.4,359900.0
3117240.2,868500.0
1083094.5,385000.0
742441.6,232500.0
686373.2,227500.0
1906689.6,512500.0
1739503.6,535000.0
1693144.6,300000.0
1302781.8,260750.0
1961731.0,431085.0
1120454.2,470000.0
1686859.5,555000.0
1499635.8,1788024.5
1799890.9,600000.0
1464840.0,210000.0
296325.53,180000.0
694110.75,640000.0
1609876.1,320000.0
2284550.8,669500.0
1263141.5,448700.0
1122352.0,450000.0
1342404.4,319000.0
1337053.5,564500.0
764367.2,215000.0
977484.0,375000.0
788631.56,152000.0
2663934.8,380000.0
1498639.6,271750.0
1189691.0,188750.0
777828.5,125000.0
2128225.5,390000.0
269445.03,177500.0
910596.7,202500.0
764695.7,311250.0
1914740.1,575000.0
1573216.0,1082000.0
1111536.2,477500.0
688793.4,373500.0
1344561.2,825000.0
1617029.6,385000.0
1559927.6,425900.0
2098834.8,413700.0
874790.5,100000.0
1644191.9,375000.0
1497482.2,239900.0
1892852.8,570000.0
804819.2,285000.0
929879.94,349950.0
1200578.4,332000.0
1575361.9,340000.0
605521.0,279500.0
1529454.4,390000.0
1157189.9,477000.0
640831.75,134000.0
955691.1,120000.0
2101347.0,549900.0
2094723.5,618800.0
1356426.6,475000.0
863434.5,351495.0
3053777.0,865000.0
1480946.4,707500.0
1174452.0,186500.0
2005216.9,476500.0
2052188.6,542475.0
736010.2,392500.0
1191941.6,153000.0
1226688.2,144900.0
2374204.8,655250.0
1440279.5,210000.0
797572.06,335000.0
1597302.8,428750.0
748884.25,285000.0
739535.9,325000.0
662134.06,235000.0
1302584.1,325000.0
1134200.4,79500.0
1173661.0,560000.0
931601.8,129500.0
1161779.9,500000.0
1220052.5,890412.0
735057.5,392500.0
524457.6,169500.0
841826.06,225000.0
1249344.5,232000.0
623690.44,213000.0
1906689.6,512500.0
2253883.5,679000.0
678624.9,239950.0
1369530.9,484900.0
631072.06,213000.0
726977.4,325000.0
681549.9,277000.0
623295.4,160000.0
1706575.9,555000.0
1513555.6,465000.0
969187.0,320000.0
1362144.2,230000.0
890510.5,115000.0
1312735.1,338000.0
1357239.0,606750.0
2189010.0,1272109.0
375037.66,204000.0
597393.9,379950.0
1644191.9,375000.0
1361518.1,840000.0
1365539.0,330000.0
1224612.4,147450.0
2493375.8,959000.0
2314612.8,689200.0
1209183.1,330000.0
1926990.1,600000.0
830010.44,46000.0
1080348.8,235125.0
526830.56,98300.0
729950.44,303750.0
659487.5,207500.0
1298473.0,430021.0
2431261.5,1088000.0
2222470.8,630000.0
1853045.9,507500.0
2011421.1,560000.0
990056.44,252500.0
1494536.0,502000.0
990031.7,252500.0
1026893.3,672000.0
1216293.6,159500.0
2050099.4,753616.0
747843.94,236000.0
600973.7,260000.0
563351.1,157500.0
1515206.4,594000.0
990751.44,670000.0
1362142.8,333500.0
1881004.8,466500.0
848017.7,349990.0
833128.1,46000.0
1393557.9,289850.0
759399.0,317500.0
992757.44,339500.0
2066199.6,815500.0
1498639.6,271750.0
564871.8,177000.0
2663934.8,380000.0
2312336.5,689200.0
1342578.8,460000.0
1613882.8,535000.0
720473.56,273500.0
1251745.9,390250.5
2005216.9,476500.0
1458278.0,340000.0
1184470.2,259000.0
751174.56,229950.0
1468444.9,389900.0
1518064.0,1400000.0
532636.75,389319.0
2034666.8,580000.0
751174.56,229950.0
1215939.0,510000.0
1415964.8,275000.0
446530.3,392710.0
990286.6,323000.0
678098.44,135000.0
1756518.0,510000.0
952138.3,354527.5
1369530.9,484900.0
1494480.8,502000.0
525339.3,169500.0
1339509.9,825000.0
1518064.0,1400000.0
1629458.5,386495.0
2062350.6,583350.0
1157110.2,477000.0
740104.6,373500.0
1291410.9,439142.0
1134200.4,79500.0
684263.2,247000.0
